username,email,area,gender,password
ycolombier0,bbasler0@utexas.edu,Prairie Rose,F,533jSNXLaZup
titter1,mblything1@wikimedia.org,Manitowish,M,3Ab0qFWH
ldibbe2,yeyles2@flickr.com,Dwight,M,7IB8W5
psillitoe3,alillecrap3@businesswire.com,Dayton,M,oVUhZJ
acanepe4,nkettles4@cbslocal.com,Wayridge,M,SnyTQbAxbNh
nduplain5,htape5@4shared.com,Evergreen,M,MhH7gj3
scharpling6,cklimochkin6@businesswire.com,Anzinger,M,R8LXwFH7X8DE
kferreri7,kkoschke7@wix.com,Summerview,F,ReWycU5ft
bchallender8,kmartineau8@java.com,Manitowish,F,KgS5jbNiV
kastles9,tcrellim9@vkontakte.ru,Center,M,lCWTb9Yp9U
abreawooda,jmoughtona@admin.ch,Brickson Park,F,S1NQvH0urz6
cboolb,tchristauffourb@wiley.com,Bunting,M,nUUph8C29
clevecquec,nsidlec@dot.gov,Columbus,M,k0a5xmd1k
ekropachd,bmixd@simplemachines.org,Schurz,F,qjaO4WvtztNe
cjappe,jbooge@stanford.edu,Dryden,F,YbXrf6
hriversf,lpickringf@instagram.com,Fair Oaks,M,1VLSZO
mchallenerg,ebolinog@php.net,Forest Run,F,k5RjjTzc
mdukerh,ewoodierh@newsvine.com,Caliangt,M,BlJGY6
rchafneyi,mbruckeri@indiegogo.com,Morrow,F,rSI8Kzfq
mwistancej,zchestlej@theatlantic.com,School,F,IjC2Ai
mcastelk,dransomek@about.me,Jackson,F,70A5uBQzSN
cguerrierol,mphilcottl@oracle.com,Gale,M,6Vvu5Cx0
pcleatherowm,cpendellm@com.com,Barnett,M,VlvbwqWCn
sspareyn,cheadn@paginegialle.it,Carberry,F,LRtfQDi
gokielto,fsollomo@pbs.org,Red Cloud,F,mOZoWA
dhumberstonep,jfouchp@addthis.com,Sunfield,M,0vNVQ9Yhxbdb
goglethorpeq,ayashaevq@youtube.com,Truax,F,PIvDYZ
brandallr,mvellacottr@businessinsider.com,Elgar,F,18XMN1DRibY
naspells,egrabbams@amazonaws.com,Veith,M,tgh0tuYZE
hbeauchopt,mwallbankst@paypal.com,Moulton,F,uTlwgZifby
kcorshamu,hpanteru@hugedomains.com,Dennis,M,5SuNzs1gbP
ngilstounv,kroslingv@studiopress.com,Northfield,F,r7X6s41VI
rkleinfeldw,mtoderiw@icio.us,Eagan,M,cL5F6pwj
rquarryx,vgoodanewx@unblog.fr,Thierer,M,3VaQcNuxR
jgabbaty,hmceloryy@shop-pro.jp,Dapin,M,op3bWh7
pisaqz,asquibez@virginia.edu,Di Loreto,M,41swWsR0Lx0L
epitkin10,mlongcake10@shinystat.com,Barnett,F,yCGIQa0n9
dflucks11,tgirvin11@blogspot.com,Forest Dale,F,M23jBC
tfilippyev12,mspriggs12@barnesandnoble.com,Onsgard,F,7HuuxuXOrPn
ltimmermann13,fcuttin13@sciencedaily.com,Towne,M,JuSgj2bq
abanford14,skatte14@pen.io,Gulseth,F,aBwAMp
psimonyi15,cbonelle15@spiegel.de,Rieder,M,Dha3oOLIBb2f
emckendo16,gcowdry16@networkadvertising.org,Helena,F,JfxLNtGwp
odisdel17,tsherreard17@dmoz.org,Mockingbird,M,pSrkPL
nmatousek18,clickorish18@mapy.cz,Messerschmidt,M,EbYJWGmK2gQN
sstredder19,aknutton19@deliciousdays.com,Jenifer,M,Rwlks3P
csutherley1a,ddehn1a@cbc.ca,Eagan,M,jJ1uk7Ab
gattwoull1b,svasyukhin1b@spotify.com,Spohn,M,155xH1e
eaulton1c,fdoidge1c@archive.org,Drewry,M,LfW7RBK3D
sstledger1d,kwhelpton1d@globo.com,Vidon,M,8dcdik
mwaddingham1e,rscoyne1e@fc2.com,Fallview,F,Gdby53OttA
coilier1f,kmulhall1f@amazon.co.jp,Marcy,F,719rNHM
cbeldum1g,bouldred1g@newsvine.com,Hanover,F,AeTU9U
hszymonwicz1h,cborge1h@lulu.com,Northland,F,I7znjk89d2pi
avina1i,cgowers1i@shinystat.com,Mayfield,F,LTMcX8
zoxlade1j,mlanghor1j@eventbrite.com,Schmedeman,M,FCRwo76
gcranefield1k,lhollyar1k@youtu.be,Graceland,F,NOPyDR7xXrDx
lcorlett1l,bokennedy1l@seesaa.net,Scott,M,IXJQ9CZK9BJI
balgie1m,elamond1m@buzzfeed.com,Dorton,F,iOStNuIdHN
pragborne1n,ogerard1n@artisteer.com,Darwin,F,7tfbNhrX
ashutte1o,fsirmond1o@google.com.br,Artisan,F,ukMBBg
swadlow1p,rbakewell1p@google.it,Linden,M,WHA1Q1dd
rrewcastle1q,bilive1q@ameblo.jp,Ruskin,M,JfBjZ7
tpladen1r,raymer1r@i2i.jp,Del Mar,F,8nYMIJo6sde
mgopsell1s,tblakebrough1s@google.com.hk,Forest Run,M,j6E9Lqyc
mandrivot1t,bgotcher1t@google.co.uk,Nancy,M,Bckqq1M7PD
agentiry1u,mneath1u@yahoo.co.jp,Trailsway,F,P4hDur8
jsellers1v,rschaffel1v@acquirethisname.com,Pine View,M,JZ6GYF5aYfk
mcornau1w,tranderson1w@slate.com,Lien,M,BAXJHUh
jwestwell1x,jsear1x@columbia.edu,Arrowood,F,8W2A29AG
cchastelain1y,mrandalson1y@psu.edu,Banding,M,INM3u32rZZ
aewens1z,ajanc1z@sohu.com,Rockefeller,F,t1VAnh3W
lorrice20,mdreelan20@cafepress.com,Melvin,M,DHKmZygbVN
blangthorne21,dmartinets21@liveinternet.ru,Warner,F,UOpDmzIegIiv
lreeder22,bsalt22@army.mil,Birchwood,F,bhgqixE
djendrusch23,nneames23@moonfruit.com,Hallows,M,Z5Bamoio4jSz
frought24,snavan24@unesco.org,Westerfield,F,gvLNGBf
cyarrell25,kdunbar25@csmonitor.com,Manitowish,F,T1ql9rwCYVA
echapiro26,grussilll26@de.vu,Leroy,F,u6IGJ781
dwiburn27,odongate27@narod.ru,Pepper Wood,F,wQMdNSL8bf
ucauser28,hohartigan28@salon.com,Melrose,F,Stf3W6HGKjG
wzavittieri29,rbradmore29@netvibes.com,Forest Dale,M,fK1olbt7
dmcgeagh2a,tmottini2a@bbc.co.uk,Mcbride,F,H3SxCmYv
skalberer2b,ctrussell2b@reddit.com,Scoville,F,2fqNlASxrdI
pdodsworth2c,gbolesworth2c@whitehouse.gov,Merry,F,9MpxZrjc2o8x
lconstance2d,ltiron2d@hud.gov,Graceland,F,KXKH9pAIRyx
lpattison2e,ckeri2e@bloglines.com,Toban,F,WIozVlazm
tcoling2f,pgillbey2f@census.gov,South,F,NTNg6k23STDT
bdukelow2g,tgiorio2g@techcrunch.com,Spohn,M,l8YCiTl6tC
trudgerd2h,dsimcox2h@surveymonkey.com,Ridge Oak,F,vFRaVCLpQ7
aricards2i,ewalkington2i@constantcontact.com,Eggendart,F,C7zkaudSElX
kjukubczak2j,dkinchlea2j@purevolume.com,Farwell,M,2Ue9FSu
kmingauld2k,pfarleigh2k@hp.com,Dayton,M,VTqTD3fd
mmellers2l,bchrispin2l@shop-pro.jp,Sloan,M,3pf4WKbQrO4I
cfeechum2m,nsword2m@flavors.me,Tomscot,F,FJPxcvFzR5Z
omenego2n,jverson2n@stumbleupon.com,School,M,KB5xmE9dnI
mscouller2o,cjilliss2o@blogtalkradio.com,Troy,F,nWVNGKmUEBw
ccansdell2p,mminget2p@harvard.edu,Granby,F,jeWzUow0S5
egibbin2q,dpuckrin2q@youku.com,Chive,M,EYr21Cr
fcadding2r,spionter2r@foxnews.com,Waxwing,M,0uO0GaF
aollerearnshaw2s,mathow2s@reddit.com,Birchwood,M,QT4AH07jt4nN
blugg2t,bhenmarsh2t@networksolutions.com,Eagle Crest,M,KWe7KFuWH
lohoolahan2u,isimka2u@tripadvisor.com,Doe Crossing,F,uxZuFQm0e
ivaar2v,njonke2v@washington.edu,Dapin,M,dBJNJNGLJ
ymcgrale2w,bperrycost2w@pbs.org,Prairie Rose,F,ECgxbqxH
kdursley2x,vsharplin2x@aol.com,Mendota,M,iG8pyx
mblaise2y,wcastiglioni2y@engadget.com,Amoth,M,JThdIKah
pcurcher2z,rmccook2z@so-net.ne.jp,Caliangt,M,CEH3fY
ihawson30,lgosart30@surveymonkey.com,Scott,M,T9PMfWBKAm
nashard31,cchiddy31@amazonaws.com,Crowley,M,rf5SIDN98q
mdavidof32,opalmer32@dmoz.org,Oriole,M,ckrcYQoBq
lmacduffie33,tmacredmond33@zdnet.com,1st,M,dYxN69i7
sraffeorty34,ocalafato34@sitemeter.com,Acker,M,Bo1HixpFTmCC
aakister35,wminear35@gravatar.com,Eastwood,F,97CBoB8n
cheikkinen36,rshankland36@uiuc.edu,Troy,F,tsfvlN
bpermain37,hstanyon37@shutterfly.com,Melvin,F,rkssqi7s
bmaykin38,dpolden38@telegraph.co.uk,Mesta,M,iF5EVA6K0JJD
tyounge39,ktampling39@wunderground.com,Thackeray,F,iLFAn8
bbuggs3a,aivanchenkov3a@ocn.ne.jp,Jenifer,F,pb4ckyZrC1eL
cmcilwaine3b,bbaniard3b@howstuffworks.com,Ryan,F,fEN4Bofbu6v
cdruett3c,dcrichton3c@reuters.com,Dwight,M,a0wdltpexBCw
ibaert3d,kmourbey3d@sbwire.com,Laurel,F,cSCD25z
seastbrook3e,kdigger3e@xing.com,Morrow,M,4KC9YBMbht
dlosseljong3f,bmccague3f@mapquest.com,Talmadge,M,dW0GN8R
fsiflet3g,lkik3g@livejournal.com,Farmco,F,0hIeEi
sdust3h,pruseworth3h@zdnet.com,Dottie,F,NHTeXGWcDK7
tmactavish3i,wshevill3i@cloudflare.com,Lukken,F,nZBFrqig
cpellissier3j,csleit3j@smh.com.au,Golden Leaf,F,iXA2yhgeZOS
akrelle3k,lbasler3k@last.fm,Melrose,M,T9Wrsb
tfarris3l,bmowbray3l@state.tx.us,Southridge,F,P7CaaMGrX
psheahan3m,ssapey3m@phoca.cz,Vernon,M,AfIXoSSF
bmilleton3n,nbernardo3n@apache.org,Coleman,F,zNYyUca
esalan3o,cradish3o@live.com,Steensland,M,ozqxln405
fdebischof3p,cgreenham3p@ezinearticles.com,1st,F,Xbij5htkq3BX
dlanphere3q,skaygill3q@wikispaces.com,Fallview,F,YKVL8eM2Jpu
dthamelt3r,gstote3r@apple.com,Jay,M,YpnSmn
ltowll3s,iivetts3s@senate.gov,Vera,F,RpY5xuTgsrlk
tcoryndon3t,lmarvell3t@myspace.com,Helena,F,dIiXOCv7
rbuscher3u,abathersby3u@who.int,Buena Vista,M,2IwzcH
sdowers3v,mmadgewick3v@latimes.com,Kipling,M,CEWoKt0nse
agillanders3w,lphibb3w@economist.com,Steensland,F,OgVHsi9
fmountlow3x,landreuzzi3x@samsung.com,Dwight,M,6lJ1p7NC
sparslow3y,acollis3y@cisco.com,Clarendon,M,uMoQREGH9VQw
tfearnside3z,trepp3z@jiathis.com,Mockingbird,F,W2Aer4YsQ
santham40,sdrewe40@geocities.jp,Mayfield,F,QppWmt2
mpiscot41,dcurnokk41@dailymail.co.uk,Pleasure,M,doS1E9M5BNkh
ctawton42,gmullins42@ca.gov,Truax,F,KYGN4b
bdiggons43,dgalloway43@naver.com,Arkansas,M,pOJp3CTWE
fsimeoni44,vangeau44@nsw.gov.au,Lotheville,M,XyUCMmGYn06
sfranks45,kbalcombe45@bigcartel.com,Northland,M,apioBH4s
nranyard46,zhaldene46@amazon.co.uk,Eastlawn,F,aJwAdHrpcNGL
bsilcocks47,cdenziloe47@list-manage.com,Lyons,F,oNfkgAD
chaighton48,earnson48@google.fr,Dahle,F,KXYa33e5gw06
pgavini49,nklezmski49@ow.ly,Golf Course,M,U5Ixiba4A1rD
vbazell4a,eharbron4a@jalbum.net,Utah,F,UUE4Ix
cjahncke4b,mharrison4b@e-recht24.de,Nobel,F,nifymGM
mscudder4c,alias4c@tinyurl.com,Tomscot,F,POv6Nz
hagus4d,uliggons4d@mac.com,Hoard,M,ciYKJdXk
tboucher4e,zmccartney4e@unblog.fr,Pine View,M,Tf6gSkD
hzannotelli4f,mpeaddie4f@wikispaces.com,Rieder,M,KrxkpSpVi
dplett4g,glutz4g@sciencedaily.com,Melvin,M,zi8ISoSv
tyeandel4h,ntrymme4h@google.ca,Summer Ridge,F,kHl0P9JPS
gmacintosh4i,hstockau4i@flickr.com,Everett,M,VURKg5
hvanross4j,kupson4j@kickstarter.com,West,F,5hSuBxmgt
bmacpeice4k,gohartagan4k@mayoclinic.com,Chinook,M,tXhJl92F
cgotobed4l,camsberger4l@bandcamp.com,Quincy,F,db1vqkjW
vmcreath4m,rsurgen4m@alexa.com,School,F,ceEGlG
helsom4n,gmaypes4n@stanford.edu,Arkansas,M,K7kR2SrvTr4
cethersey4o,hhatz4o@about.com,Steensland,F,nFcY7oZ
bgypps4p,jtoogood4p@google.com.au,Raven,M,17NjA1
mklosterman4q,sgibbonson4q@nih.gov,Canary,M,PyI8CdR4
hmourge4r,sromanet4r@umich.edu,Brentwood,F,NIPM3vM1a51
cjamot4s,gmosdall4s@army.mil,Rowland,M,kIYz54m1e6
cpittock4t,bbocock4t@europa.eu,West,F,cFhSUXJyR7
wsaffrin4u,aabercrombie4u@storify.com,Kinsman,F,KLLr651gLqf
sfulle4v,ahovell4v@home.pl,Farmco,M,CTu6oHKKdB6F
edrakeley4w,vmcalinion4w@ted.com,Merrick,F,q4L09BvR95rv
eroome4x,bpritchitt4x@live.com,Westend,M,JlQxVKITroMe
rscahill4y,jcampa4y@edublogs.org,Butterfield,F,pyQPEa
acolebourn4z,mmatiebe4z@1688.com,Bultman,F,hOhiXQcAElC
mscoffins50,jridge50@usatoday.com,Ryan,F,OHTTQpECuo
kdenne51,mhaylock51@discovery.com,Hoepker,F,S3T26s
bgiles52,cganter52@drupal.org,Badeau,F,8SsG6hVnk
mcasino53,kmaccrea53@miibeian.gov.cn,Kropf,M,OHskCo
kpesselt54,adickens54@sogou.com,Graedel,M,iQWG4PuCOjo
nwoodcraft55,spauly55@ucoz.com,Grayhawk,F,EHRxW8izr907
awaldie56,mstpierre56@posterous.com,Golf Course,M,vdedW88CioZV
asodo57,mcamosso57@state.gov,Claremont,F,qBlAexzDa
amoggie58,gemer58@behance.net,Little Fleur,M,g7fmLOc
aovize59,stiesman59@liveinternet.ru,High Crossing,M,Ec0TuFM
amactrustram5a,ghuson5a@irs.gov,Truax,M,Kp24U1
abattill5b,mcrean5b@gmpg.org,Badeau,M,9TI0KnQf
rbenedek5c,vcowey5c@addtoany.com,Bluestem,M,eEhyrw0V
rcalleja5d,nphilippon5d@msn.com,Bobwhite,M,I7pWo3Btvx
rayce5e,lmcclements5e@senate.gov,Sommers,M,l9VJvj
gspensley5f,ptetsall5f@cbc.ca,Lukken,M,07Z1rqGSRdh
vshaxby5g,awagstaff5g@dion.ne.jp,Carpenter,F,OOPW2Fc
mmclardie5h,rhampstead5h@wisc.edu,Forest Run,M,4tK99VPW
alumly5i,bonolan5i@mozilla.org,Hallows,F,kETruo1Nj
adrezzer5j,ppevie5j@canalblog.com,Bunker Hill,F,dZL59X
theadington5k,sphizakarley5k@mysql.com,Spohn,F,GDqOLSXi
rbrimicombe5l,dgaylard5l@shinystat.com,Arkansas,M,iMSNsUeKiiD
ahoxey5m,gthorne5m@nba.com,Knutson,F,Q2huW5
cmacconachy5n,fshanahan5n@artisteer.com,Village Green,F,F61gaudg7d3h
rcrossland5o,afassan5o@ebay.co.uk,Kedzie,M,GPKyBtCsDYIl
rdennison5p,bfader5p@furl.net,Arrowood,F,doyAke2
bricoald5q,mvenditti5q@ifeng.com,Bluestem,M,yCp4iENfw7
nbarhims5r,iplane5r@phpbb.com,Delaware,M,kdvmjGiqW
ekinworthy5s,cbasillon5s@jiathis.com,Ilene,M,dOwu8jnNew4
jsorensen5t,gwiggall5t@google.it,Chive,M,FEAk0onPsv3
chaggerty5u,grushsorth5u@smh.com.au,Hanover,F,HLeafCHpqDk
dpaiton5v,lmoffet5v@wsj.com,Corben,F,W4FJepV
dgryglewski5w,harnet5w@google.com.hk,Tennyson,F,NzHVswka
hmawman5x,bmachostie5x@virginia.edu,Mallard,M,Svg8bT
cstoffels5y,dfried5y@shareasale.com,Vera,F,NkUEwmX
grosengarten5z,rdeedes5z@cargocollective.com,Sunnyside,M,cJ4uHxrJp
rbeadle60,elattimer60@unicef.org,Sutherland,M,nOdYx7q
scoultar61,zsansun61@eventbrite.com,Melrose,F,98DnLkpj
dmarl62,ggurry62@yellowbook.com,Farmco,M,4fyzu2i
sblackmore63,gvedenisov63@is.gd,Packers,M,EmG8YhS8M
dwaliszewski64,mgentsch64@jimdo.com,Cordelia,F,015K5wZHg
whanford65,enovello65@ucsd.edu,Grover,F,nGdCiKMLIayX
csilbersak66,mtemporal66@amazon.com,Emmet,F,h61Cle
jkidstone67,ghirtz67@wired.com,Loomis,M,LUaGNJW5
prolling68,treeveley68@typepad.com,Tennessee,F,rxQbJBwn
islidders69,bcannam69@blogtalkradio.com,Vahlen,M,WrVYGffMbnqW
cdallmann6a,daizlewood6a@pcworld.com,Declaration,M,uiGmxqXqDr2p
aboniface6b,dmillbank6b@nyu.edu,Barnett,F,OAesNSXzFTYi
sduesberry6c,jmedley6c@sina.com.cn,Mayfield,F,Q48GfQ4T
llehr6d,agerring6d@google.ru,Larry,M,NK2Sls8
darnaldo6e,klinfoot6e@google.it,Monica,M,iiIh8bw
lpuvia6f,bparlour6f@indiatimes.com,Melby,M,jEGIzCe
vcamerati6g,cbrislan6g@nifty.com,Texas,M,Mri0mbc
agreschik6h,cspeechley6h@jigsy.com,Bartillon,M,GHhiOqjPpI
asidry6i,gtripet6i@last.fm,Reinke,M,tMQRCV
vsegar6j,mdouch6j@addtoany.com,Thierer,F,4a2SlU
lmelchior6k,slunk6k@vinaora.com,Harper,F,HUDgvj3qEf
dpiper6l,rhymor6l@newyorker.com,Nevada,M,Gsw9mGU
tpregal6m,tfinlason6m@google.it,Schurz,M,TZxTc0c
bcrebbin6n,cfortun6n@mediafire.com,Spaight,F,AZr8ah
avanderson6o,kfantonetti6o@technorati.com,Pennsylvania,M,EexB2uY
rchess6p,jstealfox6p@usa.gov,Crowley,F,ivOr3viyIXK
wpantecost6q,pvallerine6q@gizmodo.com,Waubesa,M,1SkOAzutSpVK
dgrunder6r,czavattieri6r@cbslocal.com,Granby,M,NcfLpQ
tfylan6s,reastes6s@creativecommons.org,Rutledge,M,EnqC49
cfishly6t,egadeaux6t@godaddy.com,Lerdahl,F,bPR4lv
ospurman6u,sshillabeer6u@hibu.com,Leroy,F,efv2jYI1
gwoolens6v,dglowacz6v@about.me,Menomonie,M,Czm3jIwiE
mmaffioni6w,jlawful6w@mlb.com,Schurz,F,qfO25aj
tmott6x,fakess6x@parallels.com,Stoughton,F,ET6kCm5N
gspracklin6y,lbakes6y@xrea.com,Hollow Ridge,F,EyQsUkjrI
ccooley6z,mgeorgeson6z@epa.gov,Iowa,F,MR3LLGxcGTVD
thefferan70,ptorvey70@illinois.edu,Valley Edge,F,zOcDx2ej
pcashford71,gcridge71@sfgate.com,Magdeline,F,WR6YlqK0Q
dhickinbottom72,khacking72@paypal.com,Warrior,F,WN9BrfDCEO
ggiorgione73,cellerbeck73@prlog.org,Riverside,F,vDA15vu7WI
ageale74,agonsalvo74@telegraph.co.uk,Autumn Leaf,F,2Oo7opsYe
mchastel75,sgueny75@hp.com,Talisman,F,PEvt4bLnp3
miannini76,lpethick76@examiner.com,Dennis,M,QSK8A5zawQ
aruckert77,jdummigan77@ihg.com,Eastwood,M,ErQHWiJ
lierland78,mclawson78@wordpress.org,Logan,F,nPBFDk06MG
llequeux79,wdemoreno79@bloomberg.com,Norway Maple,M,ks1eDkulFSn
lmereweather7a,qconsidine7a@quantcast.com,Rieder,F,trNqpNyK
rdoram7b,acampione7b@moonfruit.com,Muir,F,AWpflSpT
oellins7c,gmarsham7c@ask.com,Sunnyside,F,IBAJ3lXkOO
bquick7d,pchaperling7d@craigslist.org,Portage,M,TjzQPGTUY34S
agarraway7e,smillard7e@xinhuanet.com,Stang,F,SK52dNA
afradson7f,hburg7f@nhs.uk,Upham,F,rj6f6NI5u1
bhazlegrove7g,glayman7g@dedecms.com,Fuller,F,j0e4HzAe0h92
aluis7h,wflear7h@independent.co.uk,Schiller,M,FcV728zO
nmelbert7i,tlinning7i@technorati.com,Memorial,F,bbtJhA9EC
prozet7j,sdoorbar7j@ow.ly,Randy,F,v4CexHzvBK
nhargroves7k,alenoir7k@trellian.com,Fremont,F,mYTP1yyePHsS
fsketchley7l,lcastillon7l@cbsnews.com,Graceland,F,QT9D0U6MBx
eimlen7m,lrendle7m@prnewswire.com,Sommers,F,w0L8oI1W
iberford7n,tbrewer7n@washingtonpost.com,Springs,F,MbdvXHhj
agittings7o,rcordon7o@illinois.edu,Straubel,F,x908MNUUWV
pspears7p,ajensen7p@wufoo.com,Rowland,F,FFBMGXq1
dcahen7q,hdigg7q@parallels.com,Merry,M,Au4vBN
bmckissack7r,pvanyushkin7r@rediff.com,Dayton,F,covrsKb
dmallya7s,phaydney7s@etsy.com,Northfield,M,BrzcC7RI
hwingate7t,ehedworth7t@com.com,Warbler,M,BtRS5nI2s7H
mwhitnell7u,cgregolotti7u@google.co.uk,Eastwood,F,IJJBBDdnj3yZ
mpleasance7v,schansonne7v@phoca.cz,American,F,uqRHLEG
llanmeid7w,bgeorgeou7w@woothemes.com,Sachs,M,OaF0iB
dnuschke7x,bgyenes7x@seesaa.net,Lake View,M,SOtiYTQAWd
mbaynam7y,sbewsy7y@cbslocal.com,Fremont,F,uKgTy7J3
kmeeson7z,escopyn7z@ustream.tv,Eliot,F,P7oJSc
awadeling80,cfifoot80@eepurl.com,Aberg,F,Y3boJR60NWAv
amapston81,cduggon81@google.co.jp,5th,F,H4gjKHUolvq
krobet82,ldelwater82@pcworld.com,Hallows,F,agvwQwosu7
lsalterne83,mbalser83@fotki.com,Comanche,F,dVrx4msC5Bz8
asmerdon84,aleveritt84@amazon.de,Lake View,M,os9jVSldwTD6
pgrayley85,jmacourek85@state.tx.us,Bay,M,XHvkvjjR4
gtyzack86,scockcroft86@hibu.com,Orin,M,Uj5jDHCl8o
amosten87,eplascott87@t.co,Warner,F,tvf0UliDZGoa
sbendare88,teakens88@gov.uk,Ridge Oak,F,Glj0D46
jmckoy89,lblaney89@twitter.com,Banding,F,kQLvKvY
gfaraker8a,lroose8a@smugmug.com,Service,M,ax4gaKKwpC
nveldens8b,hmclenahan8b@w3.org,Dawn,F,pT6kxpoL
cgreader8c,jalsina8c@slideshare.net,Green,M,iNZZkV
asmithson8d,mohearn8d@wired.com,Rusk,F,6L1IUgNYYBn
msheffield8e,ggonnelly8e@mysql.com,Scott,F,FJuzSDUKrS
arojas8f,hwrathall8f@paypal.com,Grayhawk,M,5vG4agZ
dstorer8g,ebeart8g@dedecms.com,Stephen,M,4aWufa
gdaniels8h,iwitch8h@reference.com,Center,F,IXhGS1WmI2
kslisby8i,aingle8i@ucoz.ru,Express,M,BbiX083XO
nbroomhall8j,kgude8j@npr.org,Vahlen,F,zJms8lS
ftamblingson8k,kalcide8k@tinypic.com,Talisman,F,yhfP5dHPnUTB
ttyrer8l,cmonni8l@surveymonkey.com,Debra,F,mCI22VTzrL
lhyndman8m,lcranmere8m@free.fr,Ryan,M,veQu2If
jwrightim8n,sdobing8n@123-reg.co.uk,Moulton,F,gH5IX2aEjUA
aseldner8o,serington8o@psu.edu,Rockefeller,M,1IUaoLJipCmm
vplackstone8p,gchapelhow8p@istockphoto.com,Dunning,F,Mtn8WSxKCO7
jsheddan8q,rcamock8q@nbcnews.com,Spohn,M,GDL7njJ
mcleland8r,avigietti8r@homestead.com,Manufacturers,F,R42ChWwCQ
rdives8s,emayberry8s@wikipedia.org,Lakewood Gardens,F,5RqkwUD7
bdomek8t,cwatman8t@rediff.com,Daystar,F,6V7NrCb
ydewilde8u,alenormand8u@shop-pro.jp,Clyde Gallagher,M,X9ac7iPi8WQ8
rcoxall8v,akeddy8v@plala.or.jp,Miller,M,mMbTh2ZIg
candroletti8w,beverett8w@opensource.org,Huxley,F,dCR8zg
dclynter8x,ksamarth8x@washington.edu,Browning,M,XoBh6ucHq
bsarjent8y,etaggett8y@about.com,Hauk,F,MyA0nOTczh
zpendrey8z,lgregs8z@cnbc.com,Center,M,hXFWaOt
fsay90,tlabdon90@odnoklassniki.ru,Holy Cross,F,UPgjsuxmKn
rlangcastle91,ddunbavin91@i2i.jp,Stuart,F,LhriUgMB
bporteous92,acorless92@state.tx.us,Loftsgordon,M,SGErRK8kQ
ltorald93,kmarcinkus93@stumbleupon.com,Dennis,F,iSEbNiZ
lriha94,gmedcalfe94@senate.gov,Almo,M,ASnzAr
gbernini95,tlurner95@list-manage.com,Starling,M,u6TU0GB7k4rX
cjuara96,cwilsone96@jiathis.com,Badeau,M,aIEDWkLc3
mfradson97,skloska97@wiley.com,Del Mar,M,gyopmHm7K
hricharson98,vmaclucais98@plala.or.jp,Stoughton,F,aIDQI6sY
ecurnock99,nswallwell99@scribd.com,4th,M,KJP3ygWN
famis9a,joverstreet9a@barnesandnoble.com,Mifflin,M,bTvPoDdY9
ilewzey9b,bhardistry9b@uiuc.edu,Kipling,M,7kWe4ifNXnv
alafond9c,ppoints9c@instagram.com,Westport,M,q39hJQF7uMU0
pveneur9d,mhowgill9d@sbwire.com,Prentice,M,P3Sj3gAdy
bspykings9e,abrabin9e@friendfeed.com,Debs,F,AuscdwYLzk2C
fbartolozzi9f,rcompston9f@nih.gov,Jenifer,F,cdtZITpjhma
eferreira9g,btisun9g@exblog.jp,Crescent Oaks,F,LusRmCaT
pforrestor9h,jwestcar9h@deviantart.com,Jenna,F,A4HTWo8YuX
aaherne9i,nroscrigg9i@addtoany.com,Hooker,M,jeZfVI8k08a9
mcasarino9j,ttroop9j@smh.com.au,Waywood,M,OyAYXFpB
tkevern9k,jcolleck9k@tripadvisor.com,Kim,F,Mama7IX
iorred9l,pcowthart9l@simplemachines.org,Fallview,M,X46K127
hpersich9m,kwoodward9m@booking.com,Melby,F,jzxLgmGB
lleathem9n,pcoulson9n@boston.com,Mccormick,M,av5pvoL
dupwood9o,fsangar9o@reference.com,3rd,F,AaU50HbY
mbohey9p,dvonhindenburg9p@salon.com,Anniversary,M,H75wxs9TcMU
xdagleas9q,hcordingley9q@bigcartel.com,Manitowish,F,MCWNEgwVl3
cdomenico9r,bcostley9r@angelfire.com,Vera,M,qPoWgw3
rmarston9s,spyecroft9s@cbsnews.com,Eagle Crest,M,KQ6KcUXc
ccuardall9t,ldurward9t@smugmug.com,Nobel,F,YbNnB8Cdv
ebice9u,mgilliat9u@nba.com,Pawling,M,curmPB4
imcinulty9v,wculvey9v@salon.com,Mallard,M,F4lLp7ZVP6rJ
ldalby9w,gbambrugh9w@theguardian.com,Arkansas,F,cV9GT2ZFlQU7
jfurbank9x,aelsie9x@themeforest.net,Buhler,F,464CWhUwd2A
fgoward9y,hdollard9y@networksolutions.com,American,M,Zjzdss6yt
fbuxam9z,sknights9z@goodreads.com,Charing Cross,M,khdiMGWK
dlomisa0,bheakera0@economist.com,Gerald,M,mt2decoVJf
etawa1,xconwaya1@simplemachines.org,Sage,F,4nBC9cC
mdaulbya2,ckytleya2@ft.com,Thompson,M,nzfyBW1GSw
djaffaa3,novizea3@flavors.me,Weeping Birch,M,K8Rtmtp
akoschkea4,srubinowicza4@imgur.com,Muir,F,UvHxReY
jbonifacea5,rpatingtona5@behance.net,Fieldstone,F,Gw0pDcqVU1Fj
sgulliforda6,cshawa6@reference.com,Clarendon,M,rSHZe4Ez6mJV
lrocka7,ctootala7@behance.net,Paget,F,ahkHOuY
jdeacona8,zsydesa8@uiuc.edu,Green,F,tAaoBxAho
fcroxona9,dcaplena9@chronoengine.com,Cordelia,M,tDtRt4Ev4E
toshaughnessyaa,lmattusovaa@imdb.com,Center,M,beDCbXheYOf
cwaddilowab,rfierroab@ucsd.edu,Thierer,M,zZDcuxa4ELxx
whartrightac,djayumeac@ebay.com,East,M,Ve7olsRC6Le
wdenseyad,tmasonad@yandex.ru,Orin,F,s8dYunG
mpetzoltae,bfahrenbacherae@merriam-webster.com,Raven,F,B2yTbWDiIpR
rboshardaf,lkennermannaf@go.com,Pepper Wood,M,zZefa5v07KjA
bconryag,erochellag@amazonaws.com,Bartillon,M,Z48AdcGiE
jmabbah,dforcerah@macromedia.com,Sloan,F,PH2WGq9KhZ
bfeoreai,godonovanai@webeden.co.uk,Annamark,M,6jgxEtx65mHn
hkeppinaj,cchealeaj@google.co.uk,Meadow Valley,M,gE2PWz8
ahairsnapeak,gmortelak@flickr.com,Service,F,1nwz7353lB2
dbrowettal,jbockmannal@t.co,Mccormick,F,q8upZjBvfLM
ryakushkinam,jgrillsam@howstuffworks.com,Troy,F,6KIYMpfV
lmarican,nmerrikinan@instagram.com,Porter,F,9QMqxD
cbarendtsenao,gmcphillipsao@arstechnica.com,Moulton,M,BThTas7NYU
ksedgwickap,dnorthernap@spotify.com,Anderson,F,fGDt25oc
njurnaq,mstonemanaq@indiegogo.com,Vera,F,AJ1Ipe12Dk
gsucklingar,dmartinsonar@reuters.com,Blaine,F,zsDrshF
tyepiskopovas,bphiferas@t-online.de,Kings,F,nhFV00eRo
tswyerat,bflintoffeat@blinklist.com,Oneill,F,vYob8iaA
aoriginau,jlimeburnerau@berkeley.edu,Mesta,F,MiJzW8x
ojuhrukeav,vpeaseeav@technorati.com,Fieldstone,F,55ke0ie
codunniomaw,fguweraw@imageshack.us,Charing Cross,F,luqM2sg
fturnax,mcolvinax@bloomberg.com,Evergreen,F,dboMuBNORYJW
ffeoreay,hciepluchay@printfriendly.com,Russell,F,SpDeVJ1
akrishtopaittisaz,jgirtinaz@bing.com,Derek,M,2XnnSwi3c
lbrumbyeb0,aphebeeb0@booking.com,Forest Run,M,e76hBhp6xw
bfalconerb1,etremolletb1@wikia.com,Jenna,M,z10CEH04qOg
amournianb2,dmewesb2@reuters.com,Ridgeview,F,iya45PSZjCOq
dtunnockb3,kmullyb3@comcast.net,Jana,F,3y74iPZxo
zshirdb4,sspillerb4@csmonitor.com,Center,F,0QfvLOHO
pgradlyb5,drozenzweigb5@wsj.com,Ohio,F,D7hanB
cdohmannb6,mveeversb6@si.edu,Petterle,M,Ilq5rAPBoU
bgatrellb7,ypetrollob7@fc2.com,Riverside,M,2NL8NMnBR
bselburnb8,lotteryb8@jigsy.com,Canary,M,06q7IaZ
lboulesb9,zmcelreeb9@mashable.com,Linden,F,Aq1U1ibYX6L
knialsba,ftrobeba@1688.com,Hermina,M,M7j5ohKdbpAb
ablacktinbb,echesnaybb@spiegel.de,Center,M,ZO0Nji
lspracklinbc,sgeevebc@digg.com,Lindbergh,F,MImdYUwwiba
hredparthbd,ddefrainbd@simplemachines.org,Village,F,QRlZDC8z
glavrinovbe,hboobierbe@mysql.com,Golden Leaf,F,a5oBT5OjJ
dgoodrightbf,koshesnanbf@typepad.com,Roth,M,UksnMD9W7em
cmccandiebg,dcrowsonbg@weather.com,Summer Ridge,M,oGpavER8Fj
abohlingolsenbh,jvequebh@cornell.edu,Brentwood,M,BWkH3aqxJbZ
cmaccheynebi,osebrookbi@tuttocitta.it,Fisk,M,8YSlZuvU61g
odoodbj,aevesquebj@mapquest.com,1st,M,z1yX4USor8
kmaskillbk,wbosselbk@de.vu,Eastlawn,M,KVHPP3IK6
dveartbl,bwartonbl@alibaba.com,Atwood,M,93SUBFnvzKlu
eguntherbm,rbuzinbm@blog.com,Kenwood,F,CVKVwrj1jPiI
jandellbn,jkoselbn@surveymonkey.com,Fieldstone,M,zaFwOv2FeYF
blaysonbo,ttuitebo@whitehouse.gov,Hermina,F,I4kq0LoCHpE
bmcminnbp,gocorrinbp@mapquest.com,Fieldstone,M,ZxjOCyyxDF
cbromehedbq,sbaniardbq@parallels.com,Kings,F,iDMk1EFlc
jbyfordbr,dlafaybr@51.la,Shelley,M,irKCUfIWysHX
dtunstallbs,skenealybs@whitehouse.gov,Dawn,F,eYazofMBV
rdunsfordbt,aponsfordbt@digg.com,Victoria,M,dC0VPNxPSh
awitherspoonbu,rskiltonbu@123-reg.co.uk,8th,M,4id5Ia03h
brylebv,flissandrinibv@mapy.cz,Mendota,F,P45iqp6
sdoudneybw,bvickarsbw@godaddy.com,Cherokee,M,GCzVgawyAb
mmebiusbx,vaddenbrookebx@deviantart.com,8th,M,CEqqOUm
spaffotby,sspallsby@godaddy.com,Esker,M,hChdFYMc12
sodoranbz,rslimmebz@godaddy.com,Pleasure,F,HA1Pi9vtTD
gbetonc0,rlowlec0@dagondesign.com,Arkansas,F,IMWh4TVH3OK
ppoinsettc1,dcrankc1@amazon.co.jp,Haas,M,iCPhnyvCUwm
arouselc2,eharrissonc2@netlog.com,Waywood,M,915lbO4Xs7
morowanec3,mlacrouxc3@state.gov,Jay,M,PNJcaeP9Nd
dcogswellc4,akimbroughc4@xinhuanet.com,Judy,F,CXzLgi4PDl
vcoplestonec5,lkannc5@g.co,Miller,M,U1DLAZU
nsidneyc6,knorvalc6@ted.com,Rockefeller,F,PXvzFFsXKo
fearwakerc7,rtohillc7@instagram.com,Sunnyside,M,1DfjFFT2jh5
pfilipychevc8,cpiffc8@jiathis.com,Park Meadow,F,LW9j1qlE
bloomisc9,gtickc9@skyrock.com,Transport,F,1X2k6sg
rbreckellca,erispenca@jugem.jp,Hermina,F,OU5lseej
efisbycb,valeevycb@omniture.com,Esch,M,TXFSXx7
agirvincc,mparkinsoncc@creativecommons.org,Lerdahl,F,bh9wK1Wu
ehexumcd,dpetriscd@seattletimes.com,Moulton,M,a54NBYCph
bfundellce,kdwyrce@slashdot.org,Stang,F,gWgU4vA
hruggiercf,sdanilincf@so-net.ne.jp,Kings,M,lpjFp477b
lbeincg,cfortunecg@github.com,Prentice,F,7VCBe6tj5EXo
dmohammadch,lcoitch@princeton.edu,Katie,M,fpJKM8XSghB
jaspoleci,mblewisci@nydailynews.com,International,F,rip6glbQzNsT
kconquestcj,asibbonscj@nhs.uk,Mcbride,M,snllLVjCjrTT
jaikinck,bcicccittick@nyu.edu,Springview,M,WFjhtZ8Cf
efawdriecl,ssolliscl@twitpic.com,Longview,F,h5fk11OYM
kseppeycm,ogilloppcm@mozilla.org,Sachtjen,F,Yun8Bz
sbrucknercn,tpammentcn@t.co,Kropf,F,6rvX2U6PtEOH
tlicasco,amargaretco@utexas.edu,Novick,M,0bnTldT
lmcfeatecp,edunsfordcp@nbcnews.com,Mcguire,F,4WDh5QR
nbesnardeaucq,jkardosstowecq@wikimedia.org,Holmberg,M,DRkJe5yZO
sgreercr,eplosecr@twitter.com,Ruskin,M,sV1PuQnb6
nluisettics,ndealycs@wufoo.com,Gale,F,q5QogEBy
astorriect,tleckenbyct@nba.com,Reinke,F,clwLFQQi
mveroniquecu,omcbreartycu@symantec.com,Mayfield,M,KObdl8e5U
jelsmerecv,sallsworthcv@dailymotion.com,Sycamore,F,wr1pnYaaq
ocrosskellcw,mshinefieldcw@alibaba.com,Oak Valley,F,91sVghdF50
tskatchercx,edunrigecx@domainmarket.com,Independence,F,NbhMt1xvc
sclotworthycy,cstroobantcy@moonfruit.com,Bartelt,M,P3ioFReVqWV
belixcz,kpeasgoodcz@webs.com,Coolidge,M,23r7IMIe4Ybi
gpoleyed0,cgortond0@jugem.jp,Gulseth,F,x8LlmFjDoUrU
limessond1,sdepietrid1@4shared.com,Buhler,M,PELKLwcbdAo7
lgraundissond2,volivellid2@exblog.jp,Service,F,41UX28gRa5F
lbroomerd3,acaigd3@rakuten.co.jp,Mayer,F,xDwsItcP6
pscrubyd4,hbannermand4@tinyurl.com,Aberg,F,7ml2JW7DLNA
omanusd5,ajarryd5@bravesites.com,Red Cloud,F,hjmYna
niacobinid6,mdannattd6@biglobe.ne.jp,Moose,F,vXp64hGRZ8b
lvigrassd7,bhazlegroved7@mysql.com,Troy,F,2x4e5RIL
mdonovind8,sjoshd8@squarespace.com,Grim,M,25z1gGMRz
lcroled9,ddurbannd9@slashdot.org,Ilene,F,jSZINKf92aG
aullrichda,ddesouzada@bbb.org,Graceland,F,dYnroQO
cisacoffdb,nhamsleydb@behance.net,Shelley,F,1ttCUMlft
erobotthamdc,arubiedc@mail.ru,Montana,M,JqVzV6pxQ
nburkindd,rswansburydd@dagondesign.com,Bunker Hill,F,WrX0fBtlsGbD
eroseamande,lkleinbererde@un.org,Blackbird,M,gywk1JW
fbrownbridgedf,vquilligandf@e-recht24.de,Esker,F,AbvLGW
bchanterdg,lphillotdg@shutterfly.com,Pleasure,M,zw76j0w
cknowlsondh,imcguineydh@godaddy.com,American Ash,F,SNJix0Tkc
tcardenosodi,jhaugdi@sun.com,Evergreen,M,ZjiQiZ0Em4
rrodmelldj,gsherynedj@bigcartel.com,Clyde Gallagher,M,2tNrOnEvjKgf
mwinghamdk,gmcalpinedk@blogspot.com,Bobwhite,M,xiiFO6Qie9
lwolfartdl,ksieurdl@histats.com,Lakeland,F,1r7lAS
glocksleydm,hskermandm@cdc.gov,Clove,F,g17uzq8kfz
fsausmandn,nsumptiondn@weather.com,Golden Leaf,M,VvwRMFL8V
odelascydo,tpiechado@dmoz.org,Ryan,F,zDwzHScWAq
adalgarnochtdp,closseljongdp@jugem.jp,Corscot,M,Iav9MB
rjaycocksdq,inyssensdq@intel.com,5th,F,aHRVt7KjXqRv
aramasdr,trickettdr@dell.com,Anhalt,M,09YheVH9
bpitcaithleyds,wkesbyds@mediafire.com,Rusk,M,EvgWAH1bZj3B
gdondondt,tconstanzadt@sina.com.cn,Warbler,M,SjSGRM
jhoverdu,erosserdu@gravatar.com,Cardinal,F,9cZ0De
bwingerdv,fbricklebankdv@lycos.com,Shelley,F,qV2Np7O
osouthwaydw,rtanderdw@wordpress.org,Jenifer,M,wyCPnAmG7
tdurrettdx,sfloyddx@ed.gov,Steensland,F,ceyWRtVc7m
cpickthornedy,imacandreisdy@redcross.org,Hudson,M,Ho7Dkwz0zen5
rlittlejohnsdz,ipalfreymandz@livejournal.com,Beilfuss,M,MushdCmVLl
vbuncome0,tskippere0@msn.com,Daystar,M,QEh4UH9
bosgare1,pludvigsene1@zimbio.com,Fremont,F,ve7qBDs1
asmedleye2,irudigere2@parallels.com,Del Mar,F,zU4P3Y4w6
fsimisone3,rwoolnoughe3@e-recht24.de,Schurz,F,fnNfgmd0X
bchisolme4,ssienee4@over-blog.com,Oxford,F,kHvLHz
tstorrahe5,ranthille5@telegraph.co.uk,Service,M,MBHXR2fKoZJ6
gbentoe6,reichmanne6@foxnews.com,Starling,M,WsyIkE2
bvannoorte7,mcolombe7@prnewswire.com,Thompson,M,Whf9B886C
dleggee8,lwinpennye8@newyorker.com,Scofield,M,iCPlmBl20
ccolwelle9,bbritte9@delicious.com,Maple Wood,F,lm93PfHsu
oconibearea,wsymingtonea@reverbnation.com,Cordelia,F,O9EFVBHVvm
ntoombeseb,bcaproneb@nyu.edu,Pennsylvania,M,tAGT8IMr
mmacdwyerec,jscowenec@ovh.net,Dorton,M,FpwWLyd
msolanoed,rtincombeed@webmd.com,Granby,F,cfSZtG
tgaitheree,ahanwellee@liveinternet.ru,Scofield,M,yFUjO22
lbeechamef,kvasovicef@parallels.com,Fremont,F,EFTYtY
rmoseleyeg,pmcilwratheg@nationalgeographic.com,Parkside,M,DBwshDNW
selbourneeh,soslareh@jimdo.com,Mifflin,M,WIFmvTD3
croadei,bsegotei@so-net.ne.jp,Grasskamp,F,AheFXmeLO
icolebournej,dtommisej@accuweather.com,Tennyson,F,8frEiG4Rjc
scockayneek,rpoadek@home.pl,Village Green,M,lzQh6GAp
renticottel,lpeterel@bluehost.com,Towne,F,roMvopU0cf
kgauntem,glinnemannem@delicious.com,Wayridge,M,B8fPWf5VK4
jmanesen,bqueripelen@vk.com,Lyons,M,nuTg1GM
tmosconeo,whadgrafteo@upenn.edu,Hintze,M,7Oy5f5
imaccarterep,bsimmillep@flickr.com,Eggendart,M,dC1yby
kdonoghueeq,mpetterseq@e-recht24.de,Blaine,F,HPXYBK6ng44G
lrawstorner,aeccleshareer@dmoz.org,6th,M,fWWheCM7p
mgoggines,gscraftones@fema.gov,Eastlawn,M,8EjrCiiZgh2
tdodgeet,rdoyleet@ucoz.ru,Union,M,xpeKqq
ncreeghaneu,glauthianeu@sina.com.cn,Southridge,M,pjcqNuHXNhUr
gelizabethev,mhelliarev@seesaa.net,Kinsman,F,DFcSHre
mpenvardenew,pmackrillew@weebly.com,Havey,F,F1Ok67jf
ssackettex,vbrimleyex@wikipedia.org,Jay,M,TdeTGq
soldisey,rdifranceshciey@irs.gov,Mcguire,M,O7MEtW2f
ijeffreeez,rdenverez@blogtalkradio.com,Farragut,F,73PnDRPDHg
mbarnishf0,pstenningsf0@tamu.edu,La Follette,M,N0RxuNBugc3
kmckenzief1,mlenouryf1@shop-pro.jp,American,M,v2KQ0T
ogroganf2,elabastidaf2@earthlink.net,Sachs,M,lb8NDqSF
twillsonf3,pfranzenf3@cornell.edu,Dryden,M,xFBcke
ishrivef4,rconnalf4@weibo.com,Saint Paul,M,xhAnA61yln
oternef5,gpitcherf5@dropbox.com,Badeau,M,NRDaBTHh7y
bactonf6,ascoynef6@t.co,Oriole,F,sz9wpd
rgaryf7,tauldsf7@umich.edu,Homewood,M,Xqbcgc0p
fadhamsf8,rwerndlyf8@etsy.com,Cambridge,F,CpB9Cwu4
rbletcherf9,gliggettf9@free.fr,Darwin,M,fXaOPlU5SdxZ
cbillfa,ldiglinfa@nhs.uk,Orin,F,2033ONdzCf7P
skleemanfb,smainefb@hhs.gov,Lerdahl,F,JR92ynHIx7
hkettellfc,hshaddickfc@skype.com,Helena,M,D42xZHUhg
hcandyfd,gtonnafd@wsj.com,Gina,M,c8JfSX
eberggrenfe,fsiccombefe@google.de,Blaine,M,6Vjk6uZ2XS8
qmuffettff,ehedonff@hexun.com,Vera,M,SMLDmhAHKPD
laleksankovfg,sbestwallfg@hhs.gov,Elka,F,VM2PPx
bambergerfh,kserginsonfh@dion.ne.jp,John Wall,F,h45GfEI
binmanfi,jmoynihanfi@thetimes.co.uk,Larry,M,1484cQ0
vwingfieldfj,dcopingfj@instagram.com,Superior,M,BKVBvr
mmoncarrfk,fmulvennafk@imgur.com,Toban,F,r1GjT1wA3M
msouthbyfl,hhanscomefl@mit.edu,Upham,F,WZFicH6kG9q
astuddfm,dmaciloryfm@archive.org,School,F,IDA2uQf
laersfn,einchboardfn@buzzfeed.com,Veith,M,N0eqRVxWuHkr
rduckersfo,rcopinsfo@baidu.com,Morning,M,u36MIBwlmhQm
fshatliffefp,dheindlfp@feedburner.com,Clyde Gallagher,F,bDD0Ho6
ntimmisfq,uaseeffq@tinyurl.com,Westridge,M,WeUIG4W
cgrcicfr,eaupolfr@unesco.org,Stang,F,gSJI1YP8m
abrightfs,hbiggenfs@china.com.cn,Eliot,F,0211CGaL
ojoulft,kbacherft@fema.gov,Bunker Hill,M,UM5UXEFEBgR
lrabbittfu,psanperefu@geocities.com,Southridge,M,IkJHVjH
sdeportfv,wstollenbergfv@dailymail.co.uk,Scoville,M,dZMtDu7R5
pscraftonfw,dkellefw@yolasite.com,Transport,M,cwpJuN78Nr
pchattawayfx,rebbersfx@buzzfeed.com,Ronald Regan,M,gu6sH39
csaunderfy,focurranfy@uol.com.br,Prentice,F,OVHDe4d
dbawlefz,rcambridgefz@cornell.edu,Claremont,M,tTlt3oZNfB
mdinceyg0,istiffkinsg0@slideshare.net,Montana,F,Vyav5us
scornsg1,acovertg1@techcrunch.com,Straubel,M,s3A2IWxfK
dstanifordg2,bcuffling2@cbslocal.com,Comanche,F,WUpNm5Q
hguidig3,emacgilleg3@goodreads.com,Westerfield,M,7rdkbFcHm6o
esantostefanog4,atandeyg4@seattletimes.com,Weeping Birch,M,aoY67xSXXUcm
mfeatherstonehaughg5,mstrobandg5@upenn.edu,Elgar,M,wuhMzTr3
brizzardig6,iempsg6@psu.edu,Delaware,M,Xn1daPsx
amunbyg7,mprandyg7@tuttocitta.it,Southridge,M,mOEom06Lt3i
tpeterg8,lcrickettg8@ebay.co.uk,Anderson,F,Kyw6QKFLyK
cbassindaleg9,hdodg9@tmall.com,Meadow Valley,F,QETk6BvOi
abrawsonga,blileyga@weebly.com,Mendota,M,grt3Bb3lIGGq
egilliegb,jscotchmoregb@nhs.uk,Esker,F,TtejuR
wspentongc,bsaladinogc@woothemes.com,Judy,F,6AAkGlzthVl
vwhittamgd,cbricegd@dropbox.com,Reinke,M,KZMTlEFYBOzl
pjanjusevicge,jalbonge@macromedia.com,Schiller,F,wyuwGs8
blatourgf,ndunseathgf@slideshare.net,Springs,M,vp6ANqU7
rcattermolegg,hwhaleygg@tamu.edu,Basil,M,NvEVc3IxVpaZ
blehrergh,kcuretongh@liveinternet.ru,Old Gate,M,54k1lDIt
mwaymangi,lsomerledgi@nifty.com,Waywood,M,JyiapFK40o0
tszretergj,adebenhamgj@freewebs.com,Glendale,M,A9VYnOYhx
lwoosnamgk,gmetheringhamgk@digg.com,Loomis,F,UBVm0LJGb7SN
mkillengl,mayrsgl@com.com,Thackeray,F,8Lx9igSxykW3
bguerrigm,orolfinigm@discuz.net,Milwaukee,F,yV3DdMNbtrVK
vtraffordgn,dfindlaygn@noaa.gov,Sheridan,M,GBpEHzRmf0vX
cpartnergo,apittwaygo@topsy.com,Pond,M,MqGvdreny
jlyttongp,aryburngp@cbc.ca,Golf View,F,2jKddA
hjeayesgq,hitzcakgq@jugem.jp,Manitowish,F,4pEPesAPtKm
tbushelgr,klinsleygr@parallels.com,Marcy,F,9ZwCr3lXFK
malbrogs,jsoargs@nytimes.com,Lindbergh,M,vptjEIxYMFSc
ppundygt,fcuttingsgt@elpais.com,Graceland,M,iqH33qDp
nbettesongu,ptorpiegu@sun.com,Oakridge,F,9JweQRAkL8M
ndadleygv,sdendlegv@booking.com,Michigan,F,bZSJgfPOLEn3
oaldrickgw,kmccuisgw@statcounter.com,Summit,F,iFoCInZAE
clowensohngx,dbrashergx@4shared.com,Monica,M,gSVdzj2p
pmattheissengy,plamsheadgy@wp.com,Cambridge,F,Mqxvjczux
ablampygz,roquingz@reddit.com,Derek,F,uD8mbojTP
hsegebrechth0,jtoffelh0@ning.com,Merchant,M,fPA3uGO
tblunth1,mfeenanh1@china.com.cn,Upham,M,x5HrViidy8
kdreelanh2,pgoncavesh2@godaddy.com,Forest Run,F,Mq1fUgZsd
lbarthropph3,msalleryh3@theglobeandmail.com,Hansons,M,epdtHg1r3
eokroyh4,ldultonh4@hibu.com,Jenna,M,xJum0y7o5EcA
dgarbetth5,jferridayh5@sogou.com,Scott,F,TJbhMqRFKK
kkindonh6,rguyonneauh6@omniture.com,Prairie Rose,M,HKhbRZ
tstachinih7,gtrahearnh7@cbsnews.com,Red Cloud,M,zA4lPIBcBO
gborrillh8,mmapesh8@theglobeandmail.com,Reinke,M,PbNCjC1xuPO
evasilmanovh9,gjedraszekh9@sina.com.cn,Doe Crossing,F,1IVZ6tNY4o
mfleaha,dlawreyha@geocities.jp,Granby,M,jMhFyVMj
mdevaenhb,osivyourhb@wsj.com,Toban,F,HyFoKg5W
asprigingshc,wsmedleyhc@liveinternet.ru,Blue Bill Park,M,9F2rxe
fcainhd,eniezenhd@answers.com,International,F,ZuOVULePulB
astittlehe,zbuckyhe@amazon.co.uk,Mariners Cove,F,Vww58ofTu
gholehousehf,sshepstonehf@cornell.edu,Prairie Rose,M,lrGspwBtOc
odrewcliftonhg,dbentamehg@nsw.gov.au,Kedzie,F,bBBmiUk0AaED
nratehh,bsievewrighthh@free.fr,Morning,F,wtvzdEOfUzIs
kcriplehi,fcawhi@multiply.com,Northview,F,nhmFYu
fcolebornhj,mweekhj@wisc.edu,Spohn,F,EUcGzcJ
mskunehk,tchafneyhk@accuweather.com,Warbler,F,9dNVXzjCHS
lcrasswellhl,ccissonhl@ted.com,Dakota,M,l60sxAIllv
ewarbeyhm,aandriulishm@guardian.co.uk,Sheridan,M,baeCOqdvXXcM
mbiagionihn,bcaddinghn@theguardian.com,Mayer,F,hSy0d42vi
titzkowiczho,lclinnickho@newyorker.com,Swallow,F,FFChKlTCr
kmaiklemhp,bgratrexhp@discovery.com,Birchwood,M,uGtWRko07v
lleebetterhq,ctrippetthq@psu.edu,Manufacturers,M,4CVwuNV2gEE
cdennetthr,cgreenroahr@miibeian.gov.cn,Goodland,F,unOmQ1b
cnalderhs,abrunkehs@foxnews.com,Hoard,F,UvB48xIG2e
mhallbordht,marndtsenht@phoca.cz,Fremont,M,YVqlfZDjR
ethunnercliffhu,mgainsborohu@guardian.co.uk,Schurz,F,dVOPgaZTKDlP
mkidsleyhv,mwilloughleyhv@amazon.co.jp,Rusk,M,rJavmTfLeVGW
ebisshw,dshanklandhw@lulu.com,7th,F,ga5RBli3OXs
tmcilvorayhx,apiddingtonhx@unblog.fr,Blue Bill Park,F,RltvbEfSui9
staxhy,cgrgichy@wunderground.com,Birchwood,F,zOaTJf8E1I
mcurthoyshz,alaydonhz@bloglines.com,Mendota,F,iOMXvPFi3w
ttoothi0,agerauldi0@microsoft.com,International,M,AgWYAGz6RF
nstirlandi1,bburwini1@indiatimes.com,Ruskin,F,ahWuLF
crodnighti2,jwanlessi2@altervista.org,Caliangt,F,LLmWgAfZB
wromai3,rjordisoni3@cnbc.com,Pond,M,SnWVgMTLng
gpoacheri4,gbotemani4@live.com,Evergreen,F,yi4WWN2
dtookeyi5,rlovitti5@wisc.edu,Gerald,F,yJ37Bt
mfukei6,bboxhilli6@google.nl,Doe Crossing,M,h7PkJWXyW
maskemi7,agifkinsi7@miibeian.gov.cn,Maple,M,rWj0mRWW2
lhyamsi8,bcratchleyi8@ox.ac.uk,Johnson,F,QzSc94I6LG
abrendekei9,idallawayi9@globo.com,Autumn Leaf,M,hucspD6YK
ablamiresia,bpigginia@amazon.com,Melody,M,M0OzU2a
nharbronib,keslieib@arizona.edu,Pearson,M,YVcBCsoo
clamartineic,qjessenic@1und1.de,Bonner,M,mrNOJ9k
fgosnoldid,ecoakleyid@cbslocal.com,Carpenter,M,5w3gBF8o
emackellerie,msevinie@skype.com,Shasta,M,NJjs872THW
cfoucarif,snelsenif@yelp.com,Union,M,ICn1En
qpascallig,cgurdenig@so-net.ne.jp,Cordelia,F,Lett7Sqn
khaylesih,nhardakerih@biblegateway.com,Schurz,M,M9YnDBkkBTo6
laylinii,hchittyii@mysql.com,Michigan,F,fgByTF2t39
cahrendij,rsyddieij@craigslist.org,Judy,F,eKj73bIPJaG
jrookebyik,vguerolaik@xrea.com,Summer Ridge,F,4oYcrOn3yk
bducaenil,nrenalsil@globo.com,Ilene,F,63692P4y
jfeganim,bkauscherim@biblegateway.com,Lakewood Gardens,M,dW9KTIvnjsfl
aprucknerin,bohegertiein@blogspot.com,Loomis,F,cFwZSTe
bjakemanio,cchateletio@forbes.com,Thackeray,M,P0U8AlI
alambieip,cswindlesip@yellowpages.com,Pawling,M,UssSUyc
kcokeiq,lcutbirthiq@csmonitor.com,Moulton,M,USQhUG
rheishamir,mwassungir@webnode.com,Manley,M,UWZmih7
jgolsbyis,umoehleis@behance.net,Sheridan,F,sfI20tCrElCK
jhinchonit,caizikit@dailymail.co.uk,Mandrake,M,mtuCHq2t
atroueliu,hscroxtoniu@google.nl,Morning,M,JXPLFCBt
rfruishiv,sfrankemaiv@narod.ru,Fieldstone,F,lXPSg8z8Un
ravarneiw,bpeapleiw@shutterfly.com,Lighthouse Bay,M,2xrV4rmTg
jhauxbyix,hhardemanix@utexas.edu,4th,F,2aL5ebVyCz
dwolfarthiy,lviggersiy@google.ca,Carpenter,M,rTTodbW3H
epotapczukiz,fhessentaleriz@homestead.com,Dwight,M,MawT6u
sludfordj0,tgraveneyj0@behance.net,Fordem,F,MUPHYk
stwellj1,gcureej1@earthlink.net,Blackbird,F,8qOltly
lbalcersj2,rcrapperj2@booking.com,Bowman,F,9pwR0zt
ahebbornj3,cchazettej3@amazon.co.jp,Mayfield,F,7DEqjnmyD6O
elinforthj4,ryakushkinj4@photobucket.com,Twin Pines,F,tgxhlq
adanj5,iborboroughj5@dailymotion.com,Warner,M,rvibkafM5Ea5
vhellmerj6,odrennanj6@webmd.com,Warrior,F,3rj3vu
mhoffnerj7,pbullardj7@behance.net,Summerview,F,4uQF4NtKdmTU
ttabourelj8,mlerwayj8@pinterest.com,Swallow,M,4dFIIYk
ddarringtonj9,egreenlandj9@flickr.com,Thackeray,M,bCqpLz
tpacheja,hmctavyja@wiley.com,Melrose,M,Z0fVGMb9h
lmcgebenayjb,stapporjb@php.net,Old Gate,M,68q6LxxSD80
kmealandjc,sstuchberyjc@thetimes.co.uk,Harbort,F,yu4FvMMfS1q
gduerdinjd,nmillmoejd@chicagotribune.com,Grim,F,4wiPtEp8hK4
jballeje,tnanoje@freewebs.com,Thierer,M,Pq0yZv
lzelleyjf,woxterbyjf@t-online.de,Little Fleur,M,FJsL7G1ga1d
fdeinhardjg,mdobbsonjg@gov.uk,Rusk,M,2yXhKr
ajustunjh,akleynenjh@digg.com,Schurz,F,nJeEyE
mcrewsji,nanniceji@posterous.com,Anthes,M,hRp8rUcH
ccasinejj,skochjj@a8.net,Oak Valley,M,Cb7rLzy
bblaikjk,gtroakejk@un.org,Bowman,M,tOf3rYudm
apolinjl,lwasielewiczjl@europa.eu,Bay,F,Z7sKpPaJp8
bfildejm,lmcskinjm@gnu.org,Hanover,F,YfFU7lSw
acotteyjn,dduffriejn@stumbleupon.com,Heffernan,F,yKzKx9mC
gjerchejo,kroddjo@vkontakte.ru,Cardinal,F,1PfcgL
ckropachjp,bglancyjp@ucoz.ru,Wayridge,M,9eYwBWf
sleechjq,acruickshankjq@nifty.com,Golden Leaf,M,bt4j4hbobiL
uwhittletonjr,murienjr@nps.gov,Briar Crest,F,IAAiWM
ldittsjs,aharbisonjs@flickr.com,Logan,F,855p7beQVmaL
himminsjt,wrebillardjt@prlog.org,Granby,F,lBTwzxVnT99m
rpetytju,ltrusteyju@lulu.com,Meadow Vale,M,bklhqLjFsr
egilroyjv,dfortesquieujv@ucsd.edu,Wayridge,M,9vcNSgdwXD8
dyouteadjw,bvaleriusjw@storify.com,Lakewood Gardens,F,yoTLYESQ6UE
gmaccrossonjx,cquidenhamjx@myspace.com,Morrow,F,HQFwPK9N
gboheyjy,csackerjy@people.com.cn,Michigan,M,evExKGF6
cravenscraftjz,gfieldingjz@kickstarter.com,Delladonna,F,qVSSAl3p
kbenitok0,ntutchenerk0@google.de,Tony,F,53KZxTT
gdelatremoillek1,mdubsk1@independent.co.uk,Westerfield,M,QwUoGcISnC51
qoldnallk2,jshrimptonk2@mlb.com,Mandrake,F,eWMO1eLPP7V0
abickerstassek3,sthornk3@cmu.edu,Rockefeller,F,yaaBmL1
nfortescuek4,sgrinvalk4@toplist.cz,Chinook,F,kroFPa
atenbyk5,cbattiek5@mac.com,Spaight,M,KBPzJoX
cjaffreyk6,mgrossk6@infoseek.co.jp,Moulton,F,pqEbRXUj
llaphornk7,tmckeowonk7@umich.edu,Upham,F,w1GQJFt0s
abarkwayk8,ahinstockk8@themeforest.net,Claremont,M,wAf4IekzfId
kdoulk9,vmoizerk9@weather.com,Dunning,M,VAsaBj
istrachanka,tbeebleka@newsvine.com,Hoffman,M,4SQqjehEp
awindhamkb,cjosephoffkb@house.gov,Rockefeller,F,gQISV1pj
ssabinekc,wmanonkc@feedburner.com,New Castle,F,TZlsiWTwAsU
jfreemantlekd,ggauldkd@nydailynews.com,Jackson,M,KGW7fDtUZVsQ
bshearke,msetfordke@wikipedia.org,Helena,F,4Z77Li092x
dperottkf,lerridgekf@studiopress.com,Weeping Birch,M,g0DMQUt
tmacafeekg,hrookeskg@phpbb.com,Evergreen,F,KVzU5D
rfollankh,lwestnagekh@ibm.com,Dayton,M,MnVjgxHQ2w
cbarthropki,lrosenbladki@bing.com,Welch,F,jw0MSU
bciccottokj,tgrimsdalekj@multiply.com,Barnett,M,qUkGi0X
kcocksonkk,ikreuzerkk@bbb.org,Briar Crest,F,3o4PDZXZjs7
gallotkl,jjantzenkl@wsj.com,Spaight,F,qOT3iRqKO
glarkinskm,eeyreskm@webs.com,Northview,M,Mf9ySKfD
wbellwoodkn,imaberleykn@rambler.ru,Garrison,F,G1BQY7LcgAG
hnaisbetko,ksalleko@google.co.uk,Lake View,M,5Wj48CAerz
wogdahlkp,bkollaskp@ucoz.ru,Graceland,M,DJqKsXvkJBw
sogarmenkq,hsaffenkq@bandcamp.com,Mcbride,F,IriEE7TG5W
rchalcotkr,lsteerskr@rediff.com,Oxford,M,7JzIym
ngrevilleks,earnellks@constantcontact.com,Thackeray,M,VkhCMrHfszF
dmablesonkt,amicallefkt@auda.org.au,Bowman,M,Jk3j6ZVz14
miversonku,ibuyku@uiuc.edu,Heffernan,M,aZextrUROAO
tfeildenkv,bwindresskv@altervista.org,Shelley,F,ECRuxU
hlebarrkw,stoplingkw@naver.com,Moland,F,yg7JMSA
sdavidoffkx,cperlkx@biblegateway.com,Autumn Leaf,F,OagbxXchSl
dcoltartky,jbrugemannky@furl.net,Eliot,M,aIgGkEGfv0W
hmoncrieffekz,cdibdinkz@digg.com,Derek,M,nv2gt6HN
jbeezel0,lblaycockl0@noaa.gov,Bowman,M,MlAP9iwqL
mpalingl1,bdingivanl1@google.es,Dunning,M,jmoXPT
vfenimorel2,rnoirl2@biglobe.ne.jp,Golf View,M,wVIgehks
bdissl3,cskettl3@360.cn,Spenser,M,UepjlcR
zlungl4,cdinanl4@plala.or.jp,Moulton,F,SCqFTuCATC
bfevierl5,vmawdsleyl5@wired.com,North,F,qqjUix
sbaccupl6,jburdittl6@goodreads.com,Butternut,F,EOyQWLzZx
gthomkinsl7,bfluinl7@ucoz.ru,Cambridge,F,JNnkIdk
mscammelll8,kschwandnerl8@youtu.be,Sutteridge,F,0uCGdEAeK9Y8
rchesnutl9,rlowerl9@webs.com,Steensland,M,D1YTrjqHL
ijosselsohnla,gburndredla@ox.ac.uk,Trailsway,F,PYqoTHvSl
sstephensonlb,hjelflb@admin.ch,Mandrake,F,YmotItq
gpinsentlc,hhawelc@wp.com,Paget,F,JVouOwuEo9N
vcaveillld,dlongridgeld@google.es,Loomis,F,ql2cdLEwSpPs
dkilfordle,jmorseyle@google.es,Judy,F,qgF6GQD0
aspinkslf,jcrosscombelf@home.pl,Menomonie,M,dEDHP9z
jfrangletonlg,aburselllg@github.io,Hauk,M,18G3JwHsVcz
galveslh,elorainelh@epa.gov,Glendale,M,7VUZ37NkvY
rcarvilleli,trosenbergli@hud.gov,Dayton,F,GeDLUVG0q
jtowsonlj,bdurstonlj@1und1.de,Kropf,M,LqfPu3ArdKDP
jhissettlk,zclowslk@umich.edu,Hovde,M,gK8MtE0waMv
hlemerlell,ehaymanll@google.nl,Arkansas,F,JZoi4vig0
sfoffanolm,egaskinslm@msu.edu,Melvin,M,h9AT3va
ohalidayln,eemmersonln@mozilla.com,Waywood,F,ygIQDoUy
mmangeneylo,lboristonlo@nytimes.com,Sunbrook,M,7ntAJxG1UotC
mprobylp,zjustislp@deviantart.com,Maple,F,ZRTttLSLJ
mgethingslq,fcoatelq@state.tx.us,Lillian,F,S2XasmaYNX0w
smorpheylr,isanslr@uiuc.edu,Glacier Hill,M,vsGNT8C8
sjedrzejls,cmellls@liveinternet.ru,Monument,F,ActABB4j
rspeakslt,amesshamlt@php.net,Bartillon,F,uBqAn4Y
vbowtonlu,xdenholmlu@github.io,Mayer,F,eL3Ood3
zbrawleylv,sditzellv@drupal.org,Johnson,F,ofWq6AfTnx
eairetonlw,tbodessonlw@histats.com,Crescent Oaks,F,HF4fhflzT
sgallimorelx,ebrandtlx@aboutads.info,Talmadge,F,i6Eo7MMD
rcafferkyly,fforteyly@stumbleupon.com,Springview,M,bdPwCmbUusjx
wgillionlz,mloudelz@163.com,Comanche,M,EVZQMFquHz
spoltonem0,abaffordm0@instagram.com,Larry,F,nQJCXWv34kij
aferdinandm1,etilsonm1@naver.com,Glendale,M,uqj2flJP
erillettm2,ygorriem2@histats.com,Trailsway,M,93b9JQa4
dgillim3,sfeehilym3@typepad.com,Gulseth,M,BUemaeh
rkipplingm4,fjeaysm4@state.gov,Sugar,M,s9kbN7lT
rcorream5,smcculloghm5@foxnews.com,Dunning,M,z26bweigD
grogersm6,astilwellm6@altervista.org,Trailsway,F,jMrS8l
tphilcoxm7,aboogm7@amazonaws.com,Park Meadow,M,IR0QX49
dolleym8,dbushenm8@psu.edu,Center,M,Wn16a7DC
lwallheadm9,agiacobiliom9@soundcloud.com,Gerald,F,W4OgdKBmcOR1
mgalpenma,adanielloma@tripod.com,Magdeline,M,6tKbXd5yadrc
thardingmb,bhelliwellmb@omniture.com,Cherokee,M,eqQG94W2lx
ktorveymc,mruddmc@imgur.com,Myrtle,F,QnEWfw
kmatuszynskimd,ftebbemd@a8.net,Raven,F,ywM8t4QEQ
ogavaranme,mdurnome@nsw.gov.au,Moose,F,sG4Dld86POaV
fsmallsmf,mhowsdenmf@qq.com,Monica,M,xy0tY7uQ
dlivensmg,ecreanemg@mlb.com,Browning,M,OkMe0wi76G
kcerseymh,mbookmh@privacy.gov.au,Hoffman,M,zdM94q6O4yNL
vrhulemi,tnestorukmi@discuz.net,Merry,F,RQS1hYcy
surianmj,mdelaprellemj@gnu.org,Golf Course,F,3dIEX0zT
cstorrormk,apilleymk@europa.eu,Graceland,M,bAB2xF30
arudramml,epidgeonml@google.cn,Columbus,M,XtC41GdYJcn
kslatormm,sconstantinoumm@accuweather.com,Amoth,M,QPnvHqyQdf
kgoodingsmn,chammerstonemn@buzzfeed.com,Norway Maple,F,FniY3NhVP0
ccharlsonmo,msmowtonmo@wufoo.com,Autumn Leaf,M,MyM7L4pF
lkobmp,lgrolmannmp@domainmarket.com,Onsgard,F,CLRh5dtAL
rgwinnellmq,jmacphadenmq@hud.gov,Hazelcrest,M,LZleHKQyH
achatwoodmr,cwoodcraftmr@infoseek.co.jp,Linden,M,7QjfH1a5
fcossellms,akilmurrayms@umn.edu,Reindahl,F,djdjviy98yp
lchurchermt,pbalsilliemt@dion.ne.jp,Bayside,M,gAMFg1Sf
zedsellmu,pbulcockmu@hibu.com,Moulton,M,75RBIzi0
modoireidhmv,fgowdridgemv@google.it,Mesta,M,BMoKxTi
eguiraudmw,lwycliffmw@goo.gl,Myrtle,M,Zdocs8R1Eqjw
ilefrancmx,ovearemx@example.com,Larry,F,5pjaPcHH4pwr
zestrellamy,achampmy@shinystat.com,Esch,M,1sQH5Y53AmA
jbouldermz,agarretmz@yandex.ru,Walton,F,1GvKAjDkRv
rcarenn0,nromann0@indiegogo.com,Eggendart,M,zN38z5PO7iB
dmacneishn1,sfountiann1@weebly.com,Sutteridge,M,BhQ7uvaDQgR
ytembyn2,rapplegaten2@washingtonpost.com,Amoth,F,4B748lXn
edulanyn3,cbeazleighn3@miibeian.gov.cn,Summerview,F,qeVoS7u8TT
gpirien4,taspeln4@webeden.co.uk,Lindbergh,F,aNNO6tSJ
ralgaten5,kbilbeen5@paypal.com,Stephen,F,JdTef8mr7
hgrisen6,jrudlandn6@cnn.com,La Follette,F,WVkos4
afrankumn7,pbutlinn7@google.fr,Farwell,F,DAvAk77QZQP
fpollokn8,gducareln8@vistaprint.com,Debs,F,R5KNkgLYoa
mlepiscopion9,mkillcrossn9@foxnews.com,Jackson,F,bHHR4T8pkDd7
ggresonna,ewhiffinna@loc.gov,Carberry,M,7OPV4S9Ysdp
spiaggianb,mcornelleaunb@ucsd.edu,Iowa,M,kkKLm8l
astablesnc,amatushenkonc@t-online.de,Cherokee,M,DovDba
gmyattnd,mgardnd@washingtonpost.com,Loomis,M,XeACVcJ
awhiffenne,gpitkeathleyne@dropbox.com,Goodland,M,xC2HH7YXV0Mw
xcasboltnf,gendacottnf@wiley.com,Oak,F,LAupPCLG
manyeneng,lsekullang@timesonline.co.uk,Harbort,F,BNNwVn2C0j
fflaunenh,jskinglenh@cocolog-nifty.com,Melrose,M,9WqIM0R
emaestrinini,gnuzztini@uiuc.edu,Rigney,M,CbvkQe
sksandranj,cdroghannj@java.com,Union,M,1RVf3ynJWFja
rengelbrechtnk,eknevitnk@blinklist.com,Mcbride,M,Cc5av2tkL0
ciacivellinl,zkieltynl@nyu.edu,Ronald Regan,M,K5kwuNjR5
sdemezanm,fcombernm@cpanel.net,Gateway,M,jpDpmv5E0u
mpaolicchinn,tbelmontnn@rediff.com,Kropf,M,PS307D
etennickno,swillmettsno@shutterfly.com,Swallow,F,dpqFI45
eundynp,cbridgemannp@creativecommons.org,Old Shore,M,ZvjEaUYy2d
lmohamednq,theinshnq@tmall.com,2nd,M,wYcfi2wQ3t0L
ltowellnr,dgewernr@timesonline.co.uk,Blaine,F,8iTOFNHN
rhaslockens,mburdenns@slashdot.org,Fordem,M,wgfpagz
awymannt,bvorleynt@kickstarter.com,Kinsman,M,duzGNY
kderbyshirenu,amelmorenu@google.com.hk,Mitchell,F,VDqC7gx
dswalwelnv,akellochnv@51.la,Schurz,F,XqdGd5QY
tosgoodnw,mpibornnw@wordpress.org,Manitowish,M,YbqOLAYwKl1
dthreadkellnx,kgarradnx@liveinternet.ru,Longview,F,RPU08Y6
lpaveseny,lsandomny@nydailynews.com,West,M,UAjUcek
rcesconnz,pwassnz@desdev.cn,Vermont,M,DFqBmd4msyEy
mcastellanoso0,cgrentero0@google.es,Westridge,M,2ucRfwHA1wUe
iciccoo1,jdebowo1@pen.io,Derek,F,3SBvLQgd
ykeggino2,tmoulino2@nifty.com,Bartelt,M,33ELRM
ggoldsworthyo3,cdrummondo3@berkeley.edu,Goodland,M,lMHlFD
rcaldaroo4,rwagero4@diigo.com,Eastlawn,M,RFxpfu9oo
mfasseo5,gbonicellio5@gnu.org,Westport,F,wOy5mJj
estanfordo6,fahearneo6@pen.io,Muir,F,AdWkRvGf
flanktreeo7,ehartnupo7@shop-pro.jp,Esker,M,rlw7pEY
kschustero8,bblethyno8@hexun.com,Village,F,uhHWDN
mpointero9,lkitchingmano9@smugmug.com,8th,F,B6ruR0x
eslyvesteroa,jcrouxoa@cbc.ca,Wayridge,M,Rce9Ww4
mtwattob,mcoweuppeob@delicious.com,Stuart,F,xIT94bDnhwh
snealandoc,omcmackinoc@usa.gov,Hermina,M,mWQ7a2GcZ2HI
lmiskimmonod,syukhnevod@cpanel.net,Cascade,M,zRRRoy9NCzrv
dbastianoe,hhintzeoe@forbes.com,Old Shore,F,EpIb3uCZbWkm
sserckof,hisaacof@usgs.gov,Coolidge,F,Xxi2rRysgZ
cdrayseyog,cfeltenog@disqus.com,Dawn,F,AMKsy6fh02xL
kflattmanoh,bdeluciaoh@github.io,Melrose,M,bQcK9SGSLi
ygatehouseoi,fvinsonoi@photobucket.com,Village,M,8zzviSP
fughinioj,lbartramoj@xinhuanet.com,Mifflin,F,4ZQ9ZtBX
deshmadeok,syellowleeok@xrea.com,Hermina,F,XmaWNiD
lbaeldeol,tmccarrickol@hao123.com,Harper,F,ziKN81hbAns
kcofaxom,econnowom@eventbrite.com,Bartelt,F,kxs9o1
fdresseon,wdignanon@webmd.com,Hazelcrest,M,UADmbWvFYhE
dmarousekoo,ajanosevicoo@bandcamp.com,Oriole,M,txbANeVhV7
ccowherdop,tpoulsomop@yandex.ru,Manitowish,M,RqxRCOZ5Ifw
vbwyoq,dburkeroq@sfgate.com,Donald,F,YIICasxzRS
jtolchardeor,nferneor@unicef.org,Redwing,F,vpL310f
obraddickos,jfoxworthyos@economist.com,Scott,M,s8eNMkVD
rcoulmanot,bpoyserot@squidoo.com,Erie,M,dPf2UX3
eribbonou,nkupperou@qq.com,Elmside,F,72wBKMV
bkealyov,rolexaov@phoca.cz,Bellgrove,F,9SQGSV5GmXtw
hwinyardow,jdarycottow@youtu.be,Ruskin,F,B69YHJT
rgresox,etirteox@columbia.edu,Mandrake,M,Fc7GJ57
plystoy,cindgeoy@4shared.com,Reinke,F,XKFTBWfPi47
etomaskovoz,aperviewoz@latimes.com,Fairview,F,E1R4CGHTbtP3
csmallwoodp0,hmciloryp0@t.co,Kings,M,134SCBbA
wnegrip1,bwendenp1@seesaa.net,Anhalt,M,uvPumvoOs
fiashvilip2,rsplevingsp2@dot.gov,Straubel,M,zRz5Od
phazemanp3,dtimewellp3@studiopress.com,Mayfield,F,VtVUPu1wFzC
drugerp4,hgrubeyp4@nydailynews.com,Dawn,M,J7WUK1RO
jbasekp5,gruminp5@cmu.edu,Gulseth,F,imw3UtZvhQqr
hbonehillp6,cpughep6@joomla.org,Loftsgordon,M,Tu8ibk
llydiardp7,mdodmanp7@dagondesign.com,Debra,F,Ws7luh
ldebullionp8,ratleyp8@seattletimes.com,Dovetail,M,0PBlElH9Vqx
ynairnsp9,ewilcinskisp9@squidoo.com,Monterey,M,ERza2Os0u5
jmckelveypa,lmulhollandpa@oakley.com,Riverside,M,6m8xZKYzB
oocodihiepb,tbuddingpb@last.fm,Jay,M,HSuoeSpUPhT
apharepc,mvaudinpc@omniture.com,Harper,F,Oc6mEBGO
srozzierpd,acaterpd@wordpress.com,Anderson,M,RTKKcVOk62Dz
aagastinape,shobgenpe@globo.com,Oak Valley,F,eThNUeu
tcaldowpf,mglowackipf@mail.ru,Bowman,F,6ACSErnBsHV
amoxsompg,ehedonpg@spotify.com,Lien,F,DNACAhFtcvq
mjinkinph,severilph@cargocollective.com,Briar Crest,M,crxLstPWL
wlosanopi,fpeealesspi@stumbleupon.com,Banding,M,GqMYuz1fGTC5
tfradgleypj,lgleesonpj@so-net.ne.jp,Leroy,F,AkleGB5ab
mbottermanpk,lhousegopk@miibeian.gov.cn,Grasskamp,F,6QpjjfbI
fmotionpl,fmclleesepl@zimbio.com,Gina,F,gIa4eAmH
fkellertpm,jpertpm@t-online.de,Marcy,F,zz6XrK
mgolightlypn,mgovettpn@omniture.com,Shasta,M,NSWBTZcJ
etynnanpo,gtarbattpo@wisc.edu,Spenser,F,CAFfMoi
tmccriskenpp,rkeuningpp@pagesperso-orange.fr,Maryland,M,U1xdGEKbPw
htombspq,hbecketpq@google.it,Warrior,M,4B0Sy646
fstopspr,bmackleypr@abc.net.au,Schmedeman,F,dSzeUlU0RXtw
jmapledooreps,npatleyps@prweb.com,Dahle,M,RiYzgsVQ
telvinpt,vdraxfordpt@epa.gov,Shoshone,F,ANJsZRv
ttierneypu,dyellandpu@narod.ru,Butternut,F,tbXo1dcZ7dd
comarkeypv,agarthpv@aboutads.info,Lerdahl,F,WyK4e5tuti
cparadisepw,cruddellpw@salon.com,Graedel,M,L7eC18epVxH
lsmallmanpx,aroydspx@mtv.com,Beilfuss,M,W4AdNNhvVd
shamiltonpy,gobrallaghanpy@last.fm,Old Gate,M,yXpIaRtSh6CR
ktoselandpz,dkleinsmuntzpz@creativecommons.org,Corben,F,skz0Hm6e
agehrickeq0,ifairclothq0@phpbb.com,Kipling,M,FO9P52X
adorranq1,mwilcockeq1@geocities.jp,Anderson,F,s4C1J86494Ev
wmcmenamieq2,cdrillingcourtq2@ted.com,Tennessee,M,zm7xhOs0
lcockadayq3,covizeq3@google.nl,Coolidge,F,ZFmc1TzAC6
hbooleyq4,rcornforthq4@guardian.co.uk,Brentwood,F,MJvItQxK
cmacveyq5,agannanq5@si.edu,Gina,M,viWUuksKdrDQ
gdominguesq6,tlightbourneq6@mediafire.com,Eastlawn,F,9sUyKZT
dphillpotq7,mveeversq7@storify.com,Golf,F,rPk1dLjJ
sshawlq8,jgittoesq8@gmpg.org,Milwaukee,F,onCzr0QD
kcamisq9,ahaydnq9@tamu.edu,Elka,M,PDgTsQZ77c0t
kbartaliniqa,erutherfordqa@wp.com,Graceland,M,0G9nhmOcfIk
abrushneenqb,vpettigrewqb@flavors.me,Spaight,M,TPS7eTtuM
blilloqc,mmonksqc@1und1.de,Pawling,M,H00jogs
hwackleyqd,cgartonqd@noaa.gov,Maywood,M,Nl9p98uIA
lperassiqe,hstillertqe@google.co.uk,Bayside,F,TjuhvNLot
bauberyqf,ophilippsonqf@discuz.net,Upham,F,NkPuO4
gkiffqg,mwalewiczqg@elpais.com,Nevada,F,IgGV3GqroWk
kwardaleqh,kcanadasqh@washington.edu,Lakewood,M,aGap7iH1
bleekeqi,gmaierqi@xrea.com,Bowman,F,wU9v2UAE
jrodwayqj,tmarikhinqj@xing.com,Delladonna,M,D7PYqyvM5Kp
bkoberaqk,sprestwichqk@tumblr.com,Steensland,F,xX1jVAqHvktm
emicheql,dgoudmanql@spotify.com,Meadow Ridge,F,ARy8aQVoY
nkelwayqm,jhallickqm@npr.org,Maywood,M,hoPTZ0g
ckainqn,aspurnierqn@toplist.cz,Clemons,F,2KuFJuzCt
zcreeberqo,rnobleqo@ask.com,7th,F,J4NFt5rb7
jchiechioqp,azavatteroqp@google.com.br,Loftsgordon,M,lYu73Q
smanifieldqq,ssimesterqq@wikispaces.com,Commercial,M,CMDioN6i1
gpenleyqr,cmackaileqr@house.gov,Green,F,nqiTbZdfNEN
nschollingqs,sgrievsonqs@163.com,Lien,F,0tTAf1o
bgarlandqt,scaccavaleqt@constantcontact.com,Roth,M,MzxxeB1d
lvalentinettiqu,dfrenzlqu@paginegialle.it,Farragut,M,ohw3fHl
psiberyqv,zjerremsqv@webs.com,Elmside,F,XMWSM9E36OcZ
gpicoppqw,cbeardwoodqw@ucoz.com,Union,M,xQVQmx
lellamanqx,jroalfeqx@nifty.com,Arkansas,M,XO3b4aKE
ksuddickqy,cbiasiniqy@yellowbook.com,Meadow Vale,M,KLkUNTIWH
apedgriftqz,rgartellqz@opera.com,Buell,M,rQp862I
hamysr0,pbointonr0@dagondesign.com,Green,M,kbw0EwrsWm
dflecknoer1,mplaicer1@hhs.gov,Truax,M,dLLOOPzmI
smckenneyr2,hguiverr2@boston.com,Artisan,M,Vf2nmYclUi
lfinnr3,shurleyr3@fda.gov,Esker,M,9Kwt3f90Vn
candryszczakr4,kclemittr4@state.tx.us,Cody,F,cdQUQruWmV
ldarbenr5,clukeschr5@reuters.com,Columbus,M,rjPHBnAzp
edeussr6,slethcoer6@hostgator.com,Maple,M,5jZQFB36CN6o
tharesignr7,clambertor7@last.fm,Texas,F,FymPEFD
canelayr8,driseboroughr8@delicious.com,Bultman,M,qSGhot
tdiamentr9,llammertsr9@house.gov,Granby,F,dNEES3
csentonra,jvasyutochkinra@hubpages.com,Atwood,F,KtBuDh
cswinerdrb,bconahyrb@biblegateway.com,Loeprich,M,zrtx727
rszymanowskirc,bealamrc@jiathis.com,Meadow Valley,F,9PZ1iekfqvoi
kmeirrd,esamwellrd@multiply.com,Hallows,F,cKMrUQOogt
cboddisre,subanksre@google.co.uk,5th,M,H34opHhp7o
gargentrf,groostanrf@rediff.com,Longview,M,afxTLk3oV
blaminmanrg,cstrathearnrg@wikipedia.org,Summit,F,sQMbKXkRe
zenburyrh,cmeliorrh@shutterfly.com,Tony,F,aOTMX4uGgcnn
kbruckri,trichinri@seesaa.net,Golden Leaf,M,GsTc5CHa
bpedrickrj,lwacklyrj@va.gov,Raven,F,fWR8LuE7h
zholtumrk,jgutansrk@yellowpages.com,Park Meadow,F,mCMk6qb100K
cgatwardrl,anormavillrl@harvard.edu,Little Fleur,M,4w7Uogy3sKo
imichelerm,ghurichrm@desdev.cn,Pierstorff,F,LM82m6NezgY
cwhannelrn,scarrollrn@studiopress.com,Riverside,F,PXTRR2
sschenkelro,pstortonro@irs.gov,Sloan,M,P3AXkjkI
karrigorp,mmacksteadrp@yolasite.com,Judy,F,azpa2LjnYdz
ebridgewaterrq,durquhartrq@webs.com,Magdeline,F,MJLkss3xG
kwasteneyrr,sramsdenrr@xinhuanet.com,Goodland,M,vdYgNl
